{
  "split": "val",
  "counts": {
    "color": 97358,
    "shape": 97358,
    "material": 97358,
    "size": 97358
  },
  "color": {
    "accuracy": 0.9990755767374022,
    "classification_report": {
      "gray": {
        "precision": 0.9993377483443708,
        "recall": 0.998428583243735,
        "f1-score": 0.9988829589177113,
        "support": 12091.0
      },
      "red": {
        "precision": 0.9995146416437469,
        "recall": 0.9995955019820403,
        "f1-score": 0.9995550701775674,
        "support": 12361.0
      },
      "blue": {
        "precision": 0.9996754827194548,
        "recall": 0.9979752166518182,
        "f1-score": 0.9988246261095124,
        "support": 12347.0
      },
      "green": {
        "precision": 0.9997503328894807,
        "recall": 0.9993344979619,
        "f1-score": 0.9995423721762283,
        "support": 12021.0
      },
      "brown": {
        "precision": 0.9996703477830888,
        "recall": 0.998025341451374,
        "f1-score": 0.9988471673254282,
        "support": 12154.0
      },
      "purple": {
        "precision": 0.9975403787816676,
        "recall": 0.9998356479579259,
        "f1-score": 0.998686694574407,
        "support": 12169.0
      },
      "cyan": {
        "precision": 0.9985980537687613,
        "recall": 0.9995872544163777,
        "f1-score": 0.9990924092409241,
        "support": 12114.0
      },
      "yellow": {
        "precision": 0.9985144837831146,
        "recall": 0.9998347244029419,
        "f1-score": 0.9991741679742341,
        "support": 12101.0
      },
      "accuracy": 0.9990755767374022,
      "macro avg": {
        "precision": 0.9990751837142107,
        "recall": 0.9990770960085142,
        "f1-score": 0.9990756833120016,
        "support": 97358.0
      },
      "weighted avg": {
        "precision": 0.999076480672936,
        "recall": 0.9990755767374022,
        "f1-score": 0.9990755716365736,
        "support": 97358.0
      }
    }
  },
  "shape": {
    "accuracy": 0.997801926908934,
    "classification_report": {
      "cube": {
        "precision": 0.9957804588360317,
        "recall": 0.9979013969805175,
        "f1-score": 0.9968397997496871,
        "support": 31926.0
      },
      "sphere": {
        "precision": 0.9990519877675841,
        "recall": 0.9993881733916608,
        "f1-score": 0.999220052302375,
        "support": 32689.0
      },
      "cylinder": {
        "precision": 0.9985304922850845,
        "recall": 0.9961213083712549,
        "f1-score": 0.9973244453957527,
        "support": 32743.0
      },
      "accuracy": 0.997801926908934,
      "macro avg": {
        "precision": 0.9977876462962335,
        "recall": 0.997803626247811,
        "f1-score": 0.9977947658159382,
        "support": 97358.0
      },
      "weighted avg": {
        "precision": 0.9978037887572077,
        "recall": 0.997801926908934,
        "f1-score": 0.9978019890724336,
        "support": 97358.0
      }
    }
  },
  "material": {
    "accuracy": 0.9992296472811685,
    "classification_report": {
      "rubber": {
        "precision": 0.9988887745652845,
        "recall": 0.9995675631151929,
        "f1-score": 0.9992280535627901,
        "support": 48562.0
      },
      "metal": {
        "precision": 0.9995693456104013,
        "recall": 0.9988933519140913,
        "f1-score": 0.9992312344324973,
        "support": 48796.0
      },
      "accuracy": 0.9992296472811685,
      "macro avg": {
        "precision": 0.9992290600878428,
        "recall": 0.9992304575146421,
        "f1-score": 0.9992296439976437,
        "support": 97358.0
      },
      "weighted avg": {
        "precision": 0.9992298779642608,
        "recall": 0.9992296472811685,
        "f1-score": 0.9992296478202548,
        "support": 97358.0
      }
    }
  },
  "size": {
    "accuracy": 0.997873826496025,
    "classification_report": {
      "small": {
        "precision": 0.9960707649427067,
        "recall": 0.9999222772758185,
        "f1-score": 0.9979928051275587,
        "support": 51465.0
      },
      "large": {
        "precision": 0.9999124611546374,
        "recall": 0.9955766674656266,
        "f1-score": 0.9977398539093976,
        "support": 45893.0
      },
      "accuracy": 0.997873826496025,
      "macro avg": {
        "precision": 0.9979916130486721,
        "recall": 0.9977494723707225,
        "f1-score": 0.9978663295184782,
        "support": 97358.0
      },
      "weighted avg": {
        "precision": 0.9978816789328682,
        "recall": 0.997873826496025,
        "f1-score": 0.9978735679795577,
        "support": 97358.0
      }
    }
  }
}