{
  "GT": {
    "tag": "GT",
    "total": 149991,
    "correct": 45757,
    "acc": 0.30506497056490056,
    "by_type": {
      "exist": {
        "total": 20196,
        "correct": 10958,
        "acc": 0.5425826896415131
      },
      "query_attr": {
        "total": 80832,
        "correct": 20965,
        "acc": 0.25936510292953285
      },
      "count": {
        "total": 48963,
        "correct": 13834,
        "acc": 0.2825398770500174
      }
    }
  },
  "PRED": {
    "tag": "PRED",
    "total": 149991,
    "correct": 45435,
    "acc": 0.30291817509050545,
    "by_type": {
      "exist": {
        "total": 20196,
        "correct": 10894,
        "acc": 0.5394137452960982
      },
      "query_attr": {
        "total": 80832,
        "correct": 20764,
        "acc": 0.2568784639746635
      },
      "count": {
        "total": 48963,
        "correct": 13777,
        "acc": 0.2813757326961175
      }
    }
  }
}