{
  "total": 149991,
  "correct": 94004,
  "acc": 0.6267309371895647,
  "avg_conf": 0.9070648766667139
}